{"cameraMode":{"drawMode":0,"name":"Shaded","section":"Shading Mode"},"sceneLighting":true,"audioPlay":false,"sceneViewState":{"m_AlwaysRefresh":false,"showFog":true,"showSkybox":false,"showFlares":true,"showImageEffects":true,"showParticleSystems":true,"showVisualEffectGraphs":true,"m_FxEnabled":true},"in2DMode":false,"pivot":{"x":-0.005866706371307373,"y":0.14653539657592774,"z":0.009116441011428833},"rotation":{"x":-0.2752242088317871,"y":-0.38956665992736819,"z":0.12320572137832642,"w":-0.8702366352081299},"size":0.7276279330253601,"orthographic":false}